{
  "source_model_path": ["NIPS2017/pretrained/resnet50"],
  "target_model_path": ["NIPS2017/pretrained/resnet50",
                        "NIPS2017/pretrained/vgg19_bn",
                        "NIPS2017/pretrained/resnet152",
                        "NIPS2017/pretrained/inception_v3",
                        "NIPS2017/pretrained/densenet121",
                        "NIPS2017/pretrained/mobilenet_v2",
                        "NIPS2017/pretrained/senet154",
                        "NIPS2017/pretrained/resnext101",
                        "NIPS2017/pretrained/wrn101",
                        "NIPS2017/pretrained/pnasnet",
                        "NIPS2017/pretrained/mnasnet"],
  "n_iter": 300,
  "shuffle": true,
  "batch_size": 200,
  "norm_type": "inf",
  "epsilon": 0.06,
  "norm_step": 0.006,
  "seed": 0,
  "n_ensemble": 1,
  "targeted": true,
  "save_dir": "./save1",
  "decay_factor": 0.4,

  "input_transformation": "look_ahead_PI(step_size=0.1)",
  "loss_function": "max_logit",
  "grad_calculation": "general",
  "backpropagation": "nonlinear",
  "update_dir_calculation": "momentum"
}