{
  "source_model_path": ["CIFAR10/pretrained/vgg19_bn"],
  "target_model_path": ["CIFAR10/pretrained/vgg19_bn",
                        "CIFAR10/pretrained/wrn",
                        "CIFAR10/pretrained/resnet50",
                        "CIFAR10/pretrained/resnext",
                        "CIFAR10/pretrained/densenet",
                        "CIFAR10/pretrained/inception_v3",
                        "CIFAR10/pretrained/pyramidnet272",
                        "CIFAR10/pretrained/gdas",
                        "CIFAR10/pretrained/adv_wrn_28_10"],
  "n_iter": 100,
  "shuffle": true,
  "batch_size": 5000,
  "norm_type": "inf",
  "epsilon": 0.03,
  "norm_step": 0.00392157,
  "seed": 0,
  "n_ensemble": 1,
  "targeted": false,
  "save_dir": "./save1",

  "input_transformation": "admix(strength=0.2, n_samples=3)|SI(n_copies=3, scale=1.5)",
  "loss_function": "cross_entropy",
  "grad_calculation": "general",
  "backpropagation": "nonlinear",
  "update_dir_calculation": "sgd"
}