{
  "source_model_path": ["NIPS2017/pretrained/resnet50"],
  "target_model_path": ["NIPS2017/pretrained/resnet50",
                        "NIPS2017/pretrained/vgg19_bn",
                        "NIPS2017/pretrained/resnet152",
                        "NIPS2017/pretrained/inception_v3",
                        "NIPS2017/pretrained/densenet121",
                        "NIPS2017/pretrained/mobilenet_v2",
                        "NIPS2017/pretrained/senet154",
                        "NIPS2017/pretrained/resnext101",
                        "NIPS2017/pretrained/wrn101",
                        "NIPS2017/pretrained/pnasnet",
                        "NIPS2017/pretrained/mnasnet"],
  "n_iter": 100,
  "shuffle": true,
  "batch_size": 200,
  "norm_type": "2",
  "epsilon": 3,
  "norm_step": 0.3,
  "seed": 0,
  "n_ensemble": 1,
  "targeted": false,
  "save_dir": "./save",

  "input_transformation": "DI(in_size=224, out_size=299)",
  "loss_function": "cross_entropy",
  "grad_calculation": "general",
  "backpropagation": "nonlinear",
  "update_dir_calculation": "sgd"
}