{
  "source_model_path": ["NIPS2017/LGV/models/ImageNet/resnet50/cSGD/seed0/original/ImageNet-ResNet50-052e7f78e4db--1564492444-1.pth.tar"],
  "target_model_path": ["NIPS2017/pretrained/resnet50",
                        "NIPS2017/pretrained/vgg19_bn",
                        "NIPS2017/pretrained/resnet152",
                        "NIPS2017/pretrained/inception_v3",
                        "NIPS2017/pretrained/densenet121",
                        "NIPS2017/pretrained/mobilenet_v2",
                        "NIPS2017/pretrained/senet154",
                        "NIPS2017/pretrained/resnext101",
                        "NIPS2017/pretrained/wrn101",
                        "NIPS2017/pretrained/pnasnet",
                        "NIPS2017/pretrained/mnasnet"],
  "n_iter": 100,
  "shuffle": true,
  "batch_size": 200,
  "norm_type": "2",
  "epsilon": 0.03,
  "norm_step": 0.00392157,
  "seed": 0,
  "n_ensemble": 1,
  "targeted": false,
  "rfmodel_dir": "NIPS2017/LGV/models/ImageNet/resnet50/cSGD/seed0/iter",
  "ghost_attack": true,
  "save_dir": "./save",

  "source_model_refinement": "stochastic_weight_collecting(collect=False)",
  "input_transformation": "",
  "loss_function": "cross_entropy",
  "grad_calculation": "general",
  "backpropagation": "nonlinear",
  "update_dir_calculation": "sgd"
}