{
  "_comment1": "===== DATASET CONFIGURATION =====",
  "dset_name": "cifar10",
  "dset_config": {},
  "_comment2": "===== EVAL CONFIGURATION =====",
  "num_eval_examples": 10000,
  "_comment3": "=====ADVERSARIAL EXAMPLES CONFIGURATION=====",
  "attack_name": "SquareAttack",
  "attack_config": {
    "batch_size" : 1,
    "name": "Square",
    "epsilon": 12.75,
    "p": "inf",
    "p_init": 0.05,
    "max_loss_queries": 10000
  },
  "device": "/gpu:1",
  "modeln": "vgg",
  "target": false,
  "target_type": "median",
  "seed": 123
}
