{
  "_comment1": "===== DATASET CONFIGURATION =====",
  "dset_name": "cifar10",
  "dset_config": {},
  "_comment2": "===== EVAL CONFIGURATION =====",
  "num_eval_examples": 10000,
  "_comment3": "=====ADVERSARIAL EXAMPLES CONFIGURATION=====",
  "attack_name": "ZOSignSGDAttack",
  "attack_config": {
    "batch_size" : 50,
    "name": "zosignsgd",
    "epsilon": 255,
    "p": "2",
    "fd_eta": 2.55,
    "lr": 2.55,
    "q": 30,
    "max_loss_queries": 10000
  },
  "device": "/gpu:1",
  "modeln": "vgg",
  "target": false,
  "target_type": "median",
  "seed": 123
}
