{
  "_comment1": "===== DATASET CONFIGURATION =====",
  "dset_name": "cifar10",
  "dset_config": {},
  "_comment2": "===== EVAL CONFIGURATION =====",
  "num_eval_examples": 10000,
  "_comment3": "=====ADVERSARIAL EXAMPLES CONFIGURATION=====",
  "attack_name": "SignFlipAttack",
  "attack_config": {
    "batch_size": 1,
    "epsilon": 12.75,
    "p": "inf",
    "resize_factor": 1.0,
    "max_queries": 10000
  },
  "device": "gpu",
  "modeln": "vgg",
  "target": false,
  "target_type": "median",
  "seed":123
}
