{
  "_comment1": "===== DATASET CONFIGURATION =====",
  "dset_name": "cifar10",
  "dset_config": {},
  "_comment2": "===== EVAL CONFIGURATION =====",
  "num_eval_examples": 10000,
  "_comment3": "=====ADVERSARIAL EXAMPLES CONFIGURATION=====",
  "attack_name": "ParsimoniousAttack",
  "attack_config": {
    "batch_size" : 1,
    "name": "ECO",
    "epsilon": 255,
    "p": "2",
    "max_loss_queries": 10000,
    "EOT": 1,
    "block_size": 4,
    "block_batch_size": 64
  },
  "sigma": 0.0,
  "device": "/gpu:1",
  "modeln": "vgg",
  "target": false,
  "target_type": "median",
  "seed": 1023
}