{
  "_comment1": "===== DATASET CONFIGURATION =====",
  "dset_name": "imagenet_sub",
  "dset_config": {},
  "_comment2": "===== EVAL CONFIGURATION =====",
  "num_eval_examples": 1000,
  "_comment3": "=====ADVERSARIAL EXAMPLES CONFIGURATION=====",
  "attack_name": "HSJAttack",
  "attack_config": {
    "batch_size": 1,
    "epsilon": 0.05,
    "p": "inf",
    "max_queries": 10000,
    "gamma": 1.0,
    "stepsize_search": "geometric_progression",
    "max_num_evals": 10000,
    "init_num_evals": 100,
    "EOT": 1,
    "sigma": 0
  },
  "device": "gpu",
  "modeln": "Resnet50",
  "target": false,
  "target_type": "median",
  "seed":123
}
