{
  "_comment1": "===== DATASET CONFIGURATION =====",
  "dset_name": "imagenet_sub",
  "dset_config": {},
  "_comment2": "===== EVAL CONFIGURATION =====",
  "num_eval_examples": 1000,
  "_comment3": "=====ADVERSARIAL EXAMPLES CONFIGURATION=====",
  "attack_name": "SignOPTAttack",
  "attack_config": {
    "batch_size": 1,
    "epsilon": 0.05,
    "p": "inf",
    "alpha": 0.2,
    "beta": 0.001,
    "svm": false,
    "momentum": 0,
    "max_queries": 10000,
    "k": 200,
    "sigma": 0
  },
  "device": "gpu",
  "modeln": "Resnet50",
  "target": false,
  "target_type": "median",
  "seed":123
}
