{
  "_comment1": "===== DATASET CONFIGURATION =====",
  "dset_name": "imagenet_sub",
  "dset_config": {},
  "_comment2": "===== EVAL CONFIGURATION =====",
  "num_eval_examples": 1000,
  "_comment3": "=====ADVERSARIAL EXAMPLES CONFIGURATION=====",
  "attack_name": "ParsimoniousAttack",
  "attack_config": {
    "batch_size" : 1,
    "name": "ECO",
    "epsilon": 0.05,
    "p": "inf",
    "max_loss_queries": 10000,
    "EOT": 1,
    "block_size": 16,
    "block_batch_size": 64
  },
  "device": "gpu",
  "modeln": "Resnet50",
  "target": false,
  "target_type": "median",
  "seed": 123
}
