{
  "source_model_path": ["NIPS2017/LGV/resnet50/original"],
  "target_model_path": ["NIPS2017/pretrained/resnet50",
                        "NIPS2017/pretrained/vgg19_bn",
                        "NIPS2017/pretrained/resnet152",
                        "NIPS2017/pretrained/inception_v3",
                        "NIPS2017/pretrained/densenet121",
                        "NIPS2017/pretrained/mobilenet_v2",
                        "NIPS2017/pretrained/senet154",
                        "NIPS2017/pretrained/resnext101",
                        "NIPS2017/pretrained/wrn101",
                        "NIPS2017/pretrained/pnasnet",
                        "NIPS2017/pretrained/mnasnet"],
  "n_iter": 100,
  "shuffle": true,
  "batch_size": 200,
  "norm_type": "inf",
  "epsilon": 0.03,
  "norm_step": 0.00392157,
  "seed": 0,
  "n_ensemble": 1,
  "targeted": false,
  "save_dir": "./save",

  "source_model_refinement": "stochastic_weight_collecting(collect=False)",
  "input_transformation": "",
  "loss_function": "cross_entropy",
  "grad_calculation": "general",
  "backpropagation": "nonlinear",
  "update_dir_calculation": "sgd"
}

{
  "source_model_path": ["NIPS2017/pretrained/resnet50"],
  "target_model_path": ["NIPS2017/pretrained/resnet50",
                        "NIPS2017/pretrained/vgg19_bn",
                        "NIPS2017/pretrained/resnet152",
                        "NIPS2017/pretrained/inception_v3",
                        "NIPS2017/pretrained/densenet121",
                        "NIPS2017/pretrained/mobilenet_v2",
                        "NIPS2017/pretrained/senet154",
                        "NIPS2017/pretrained/resnext101",
                        "NIPS2017/pretrained/wrn101",
                        "NIPS2017/pretrained/pnasnet",
                        "NIPS2017/pretrained/mnasnet"],
  "n_iter": 100,
  "shuffle": true,
  "batch_size": 200,
  "norm_type": "inf",
  "epsilon": 0.03,
  "norm_step": 0.00392157,
  "seed": 0,
  "n_ensemble": 1,
  "targeted": false,
  "rfmodel_dir": "NIPS2017/LGV/resnet50/recollect_iter",
  "save_dir": "./save",

  "source_model_refinement": "stochastic_weight_collecting(collect=True, mini_batch=512, epochs=10, lr=0.05, wd=1e-4, momentum=0.9)",
  "input_transformation": "",
  "loss_function": "cross_entropy",
  "grad_calculation": "general",
  "backpropagation": "nonlinear",
  "update_dir_calculation": "sgd"
}