{
  "source_model_path": ["NIPS2017/Bayesian_Attack/resnet50/swag_samples/swag_sample_4-00001.pt"],
  "target_model_path": ["NIPS2017/Bayesian_Attack/resnet50/swag_samples/swag_sample_0-00001.pt"],
  "n_iter": 300,
  "shuffle": true,
  "batch_size": 150,
  "norm_type": "inf",
  "epsilon": 0.03,
  "norm_step": 0.00392157,
  "seed": 0,
  "n_ensemble": 1,
  "targeted": false,
  "save_dir": "./save1",

  "input_transformation": "add_reverse_perturbation(late_start=100)",
  "loss_function": "cross_entropy",
  "grad_calculation": "general",
  "backpropagation": "nonlinear",
  "update_dir_calculation": "sgd"
}